name,email
Test User 1,testuser1@example.com
Test User 2,testuser2@example.com
Test User 3,testuser3@example.com
Test User 4,testuser4@example.com
Test User 5,testuser5@example.com
Test User 6,testuser6@example.com
Test User 7,testuser7@example.com
Test User 8,testuser8@example.com
Test User 9,testuser9@example.com
Test User 10,testuser10@example.com
Test User 11,testuser11@example.com
Test User 12,testuser12@example.com
Test User 13,testuser13@example.com
Test User 14,testuser14@example.com
Test User 15,testuser15@example.com
Test User 16,testuser16@example.com
Test User 17,testuser17@example.com
Test User 18,testuser18@example.com
Test User 19,testuser19@example.com
Test User 20,testuser20@example.com
Test User 21,testuser21@example.com
Test User 22,testuser22@example.com
Test User 23,testuser23@example.com
Test User 24,testuser24@example.com
Test User 25,testuser25@example.com
Test User 26,testuser26@example.com
Test User 27,testuser27@example.com
Test User 28,testuser28@example.com
Test User 29,testuser29@example.com
Test User 30,testuser30@example.com
Test User 31,testuser31@example.com
Test User 32,testuser32@example.com
Test User 33,testuser33@example.com
Test User 34,testuser34@example.com
Test User 35,testuser35@example.com
Test User 36,testuser36@example.com
Test User 37,testuser37@example.com
Test User 38,testuser38@example.com
Test User 39,testuser39@example.com
Test User 40,testuser40@example.com
Test User 41,testuser41@example.com
Test User 42,testuser42@example.com
Test User 43,testuser43@example.com
Test User 44,testuser44@example.com
Test User 45,testuser45@example.com
Test User 46,testuser46@example.com
Test User 47,testuser47@example.com
Test User 48,testuser48@example.com
Test User 49,testuser49@example.com
Test User 50,testuser50@example.com
Test User 51,testuser51@example.com
Test User 52,testuser52@example.com
Test User 53,testuser53@example.com
Test User 54,testuser54@example.com
Test User 55,testuser55@example.com
Test User 56,testuser56@example.com
Test User 57,testuser57@example.com
Test User 58,testuser58@example.com
Test User 59,testuser59@example.com
Test User 60,testuser60@example.com
Test User 61,testuser61@example.com
Test User 62,testuser62@example.com
Test User 63,testuser63@example.com
Test User 64,testuser64@example.com
Test User 65,testuser65@example.com
Test User 66,testuser66@example.com
Test User 67,testuser67@example.com
Test User 68,testuser68@example.com
Test User 69,testuser69@example.com
Test User 70,testuser70@example.com
Test User 71,testuser71@example.com
Test User 72,testuser72@example.com
Test User 73,testuser73@example.com
Test User 74,testuser74@example.com
Test User 75,testuser75@example.com
Test User 76,testuser76@example.com
Test User 77,testuser77@example.com
Test User 78,testuser78@example.com
Test User 79,testuser79@example.com
Test User 80,testuser80@example.com
Test User 81,testuser81@example.com
Test User 82,testuser82@example.com
Test User 83,testuser83@example.com
Test User 84,testuser84@example.com
Test User 85,testuser85@example.com
Test User 86,testuser86@example.com
Test User 87,testuser87@example.com
Test User 88,testuser88@example.com
Test User 89,testuser89@example.com
Test User 90,testuser90@example.com
Test User 91,testuser91@example.com
Test User 92,testuser92@example.com
Test User 93,testuser93@example.com
Test User 94,testuser94@example.com
Test User 95,testuser95@example.com
Test User 96,testuser96@example.com
Test User 97,testuser97@example.com
Test User 98,testuser98@example.com
Test User 99,testuser99@example.com
Test User 100,testuser100@example.com
Test User 101,testuser101@example.com
Test User 102,testuser102@example.com
Test User 103,testuser103@example.com
Test User 104,testuser104@example.com
Test User 105,testuser105@example.com
Test User 106,testuser106@example.com
Test User 107,testuser107@example.com
Test User 108,testuser108@example.com
Test User 109,testuser109@example.com
Test User 110,testuser110@example.com
Test User 111,testuser111@example.com
Test User 112,testuser112@example.com
Test User 113,testuser113@example.com
Test User 114,testuser114@example.com
Test User 115,testuser115@example.com
Test User 116,testuser116@example.com
Test User 117,testuser117@example.com
Test User 118,testuser118@example.com
Test User 119,testuser119@example.com
Test User 120,testuser120@example.com
Test User 121,testuser121@example.com
Test User 122,testuser122@example.com
Test User 123,testuser123@example.com
Test User 124,testuser124@example.com
Test User 125,testuser125@example.com
Test User 126,testuser126@example.com
Test User 127,testuser127@example.com
Test User 128,testuser128@example.com
Test User 129,testuser129@example.com
Test User 130,testuser130@example.com
Test User 131,testuser131@example.com
Test User 132,testuser132@example.com
Test User 133,testuser133@example.com
Test User 134,testuser134@example.com
Test User 135,testuser135@example.com
Test User 136,testuser136@example.com
Test User 137,testuser137@example.com
Test User 138,testuser138@example.com
Test User 139,testuser139@example.com
Test User 140,testuser140@example.com
Test User 141,testuser141@example.com
Test User 142,testuser142@example.com
Test User 143,testuser143@example.com
Test User 144,testuser144@example.com
Test User 145,testuser145@example.com
Test User 146,testuser146@example.com
Test User 147,testuser147@example.com
Test User 148,testuser148@example.com
Test User 149,testuser149@example.com
Test User 150,testuser150@example.com
Test User 151,testuser151@example.com
Test User 152,testuser152@example.com
Test User 153,testuser153@example.com
Test User 154,testuser154@example.com
Test User 155,testuser155@example.com
Test User 156,testuser156@example.com
Test User 157,testuser157@example.com
Test User 158,testuser158@example.com
Test User 159,testuser159@example.com
Test User 160,testuser160@example.com
Test User 161,testuser161@example.com
Test User 162,testuser162@example.com
Test User 163,testuser163@example.com
Test User 164,testuser164@example.com
Test User 165,testuser165@example.com
Test User 166,testuser166@example.com
Test User 167,testuser167@example.com
Test User 168,testuser168@example.com
Test User 169,testuser169@example.com
Test User 170,testuser170@example.com
Test User 171,testuser171@example.com
Test User 172,testuser172@example.com
Test User 173,testuser173@example.com
Test User 174,testuser174@example.com
Test User 175,testuser175@example.com
Test User 176,testuser176@example.com
Test User 177,testuser177@example.com
Test User 178,testuser178@example.com
Test User 179,testuser179@example.com
Test User 180,testuser180@example.com
Test User 181,testuser181@example.com
Test User 182,testuser182@example.com
Test User 183,testuser183@example.com
Test User 184,testuser184@example.com
Test User 185,testuser185@example.com
Test User 186,testuser186@example.com
Test User 187,testuser187@example.com
Test User 188,testuser188@example.com
Test User 189,testuser189@example.com
Test User 190,testuser190@example.com
Test User 191,testuser191@example.com
Test User 192,testuser192@example.com
Test User 193,testuser193@example.com
Test User 194,testuser194@example.com
Test User 195,testuser195@example.com
Test User 196,testuser196@example.com
Test User 197,testuser197@example.com
Test User 198,testuser198@example.com
Test User 199,testuser199@example.com
Test User 200,testuser200@example.com
Test User 201,testuser201@example.com
Test User 202,testuser202@example.com
Test User 203,testuser203@example.com
Test User 204,testuser204@example.com
Test User 205,testuser205@example.com
Test User 206,testuser206@example.com
Test User 207,testuser207@example.com
Test User 208,testuser208@example.com
Test User 209,testuser209@example.com
Test User 210,testuser210@example.com
Test User 211,testuser211@example.com
Test User 212,testuser212@example.com
Test User 213,testuser213@example.com
Test User 214,testuser214@example.com
Test User 215,testuser215@example.com
Test User 216,testuser216@example.com
Test User 217,testuser217@example.com
Test User 218,testuser218@example.com
Test User 219,testuser219@example.com
Test User 220,testuser220@example.com
Test User 221,testuser221@example.com
Test User 222,testuser222@example.com
Test User 223,testuser223@example.com
Test User 224,testuser224@example.com
Test User 225,testuser225@example.com
Test User 226,testuser226@example.com
Test User 227,testuser227@example.com
Test User 228,testuser228@example.com
Test User 229,testuser229@example.com
Test User 230,testuser230@example.com
Test User 231,testuser231@example.com
Test User 232,testuser232@example.com
Test User 233,testuser233@example.com
Test User 234,testuser234@example.com
Test User 235,testuser235@example.com
Test User 236,testuser236@example.com
Test User 237,testuser237@example.com
Test User 238,testuser238@example.com
Test User 239,testuser239@example.com
Test User 240,testuser240@example.com
Test User 241,testuser241@example.com
Test User 242,testuser242@example.com
Test User 243,testuser243@example.com
Test User 244,testuser244@example.com
Test User 245,testuser245@example.com
Test User 246,testuser246@example.com
Test User 247,testuser247@example.com
Test User 248,testuser248@example.com
Test User 249,testuser249@example.com
Test User 250,testuser250@example.com
Test User 251,testuser251@example.com
Test User 252,testuser252@example.com
Test User 253,testuser253@example.com
Test User 254,testuser254@example.com
Test User 255,testuser255@example.com
Test User 256,testuser256@example.com
Test User 257,testuser257@example.com
Test User 258,testuser258@example.com
Test User 259,testuser259@example.com
Test User 260,testuser260@example.com
Test User 261,testuser261@example.com
Test User 262,testuser262@example.com
Test User 263,testuser263@example.com
Test User 264,testuser264@example.com
Test User 265,testuser265@example.com
Test User 266,testuser266@example.com
Test User 267,testuser267@example.com
Test User 268,testuser268@example.com
Test User 269,testuser269@example.com
Test User 270,testuser270@example.com
Test User 271,testuser271@example.com
Test User 272,testuser272@example.com
Test User 273,testuser273@example.com
Test User 274,testuser274@example.com
Test User 275,testuser275@example.com
Test User 276,testuser276@example.com
Test User 277,testuser277@example.com
Test User 278,testuser278@example.com
Test User 279,testuser279@example.com
Test User 280,testuser280@example.com
Test User 281,testuser281@example.com
Test User 282,testuser282@example.com
Test User 283,testuser283@example.com
Test User 284,testuser284@example.com
Test User 285,testuser285@example.com
Test User 286,testuser286@example.com
Test User 287,testuser287@example.com
Test User 288,testuser288@example.com
Test User 289,testuser289@example.com
Test User 290,testuser290@example.com
Test User 291,testuser291@example.com
Test User 292,testuser292@example.com
Test User 293,testuser293@example.com
Test User 294,testuser294@example.com
Test User 295,testuser295@example.com
Test User 296,testuser296@example.com
Test User 297,testuser297@example.com
Test User 298,testuser298@example.com
Test User 299,testuser299@example.com
Test User 300,testuser300@example.com
Test User 301,testuser301@example.com
Test User 302,testuser302@example.com
Test User 303,testuser303@example.com
Test User 304,testuser304@example.com
Test User 305,testuser305@example.com
Test User 306,testuser306@example.com
Test User 307,testuser307@example.com
Test User 308,testuser308@example.com
Test User 309,testuser309@example.com
Test User 310,testuser310@example.com
Test User 311,testuser311@example.com
Test User 312,testuser312@example.com
Test User 313,testuser313@example.com
Test User 314,testuser314@example.com
Test User 315,testuser315@example.com
Test User 316,testuser316@example.com
Test User 317,testuser317@example.com
Test User 318,testuser318@example.com
Test User 319,testuser319@example.com
Test User 320,testuser320@example.com
Test User 321,testuser321@example.com
Test User 322,testuser322@example.com
Test User 323,testuser323@example.com
Test User 324,testuser324@example.com
Test User 325,testuser325@example.com
Test User 326,testuser326@example.com
Test User 327,testuser327@example.com
Test User 328,testuser328@example.com
Test User 329,testuser329@example.com
Test User 330,testuser330@example.com
Test User 331,testuser331@example.com
Test User 332,testuser332@example.com
Test User 333,testuser333@example.com
Test User 334,testuser334@example.com
Test User 335,testuser335@example.com
Test User 336,testuser336@example.com
Test User 337,testuser337@example.com
Test User 338,testuser338@example.com
Test User 339,testuser339@example.com
Test User 340,testuser340@example.com
Test User 341,testuser341@example.com
Test User 342,testuser342@example.com
Test User 343,testuser343@example.com
Test User 344,testuser344@example.com
Test User 345,testuser345@example.com
Test User 346,testuser346@example.com
Test User 347,testuser347@example.com
Test User 348,testuser348@example.com
Test User 349,testuser349@example.com
Test User 350,testuser350@example.com
Test User 351,testuser351@example.com
Test User 352,testuser352@example.com
Test User 353,testuser353@example.com
Test User 354,testuser354@example.com
Test User 355,testuser355@example.com
Test User 356,testuser356@example.com
Test User 357,testuser357@example.com
Test User 358,testuser358@example.com
Test User 359,testuser359@example.com
Test User 360,testuser360@example.com
Test User 361,testuser361@example.com
Test User 362,testuser362@example.com
Test User 363,testuser363@example.com
Test User 364,testuser364@example.com
Test User 365,testuser365@example.com
Test User 366,testuser366@example.com
Test User 367,testuser367@example.com
Test User 368,testuser368@example.com
Test User 369,testuser369@example.com
Test User 370,testuser370@example.com
Test User 371,testuser371@example.com
Test User 372,testuser372@example.com
Test User 373,testuser373@example.com
Test User 374,testuser374@example.com
Test User 375,testuser375@example.com
Test User 376,testuser376@example.com
Test User 377,testuser377@example.com
Test User 378,testuser378@example.com
Test User 379,testuser379@example.com
Test User 380,testuser380@example.com
Test User 381,testuser381@example.com
Test User 382,testuser382@example.com
Test User 383,testuser383@example.com
Test User 384,testuser384@example.com
Test User 385,testuser385@example.com
Test User 386,testuser386@example.com
Test User 387,testuser387@example.com
Test User 388,testuser388@example.com
Test User 389,testuser389@example.com
Test User 390,testuser390@example.com
Test User 391,testuser391@example.com
Test User 392,testuser392@example.com
Test User 393,testuser393@example.com
Test User 394,testuser394@example.com
Test User 395,testuser395@example.com
Test User 396,testuser396@example.com
Test User 397,testuser397@example.com
Test User 398,testuser398@example.com
Test User 399,testuser399@example.com
Test User 400,testuser400@example.com
Test User 401,testuser401@example.com
Test User 402,testuser402@example.com
Test User 403,testuser403@example.com
Test User 404,testuser404@example.com
Test User 405,testuser405@example.com
Test User 406,testuser406@example.com
Test User 407,testuser407@example.com
Test User 408,testuser408@example.com
Test User 409,testuser409@example.com
Test User 410,testuser410@example.com
Test User 411,testuser411@example.com
Test User 412,testuser412@example.com
Test User 413,testuser413@example.com
Test User 414,testuser414@example.com
Test User 415,testuser415@example.com
Test User 416,testuser416@example.com
Test User 417,testuser417@example.com
Test User 418,testuser418@example.com
Test User 419,testuser419@example.com
Test User 420,testuser420@example.com
Test User 421,testuser421@example.com
Test User 422,testuser422@example.com
Test User 423,testuser423@example.com
Test User 424,testuser424@example.com
Test User 425,testuser425@example.com
Test User 426,testuser426@example.com
Test User 427,testuser427@example.com
Test User 428,testuser428@example.com
Test User 429,testuser429@example.com
Test User 430,testuser430@example.com
Test User 431,testuser431@example.com
Test User 432,testuser432@example.com
Test User 433,testuser433@example.com
Test User 434,testuser434@example.com
Test User 435,testuser435@example.com
Test User 436,testuser436@example.com
Test User 437,testuser437@example.com
Test User 438,testuser438@example.com
Test User 439,testuser439@example.com
Test User 440,testuser440@example.com
Test User 441,testuser441@example.com
Test User 442,testuser442@example.com
Test User 443,testuser443@example.com
Test User 444,testuser444@example.com
Test User 445,testuser445@example.com
Test User 446,testuser446@example.com
Test User 447,testuser447@example.com
Test User 448,testuser448@example.com
Test User 449,testuser449@example.com
Test User 450,testuser450@example.com
Test User 451,testuser451@example.com
Test User 452,testuser452@example.com
Test User 453,testuser453@example.com
Test User 454,testuser454@example.com
Test User 455,testuser455@example.com
Test User 456,testuser456@example.com
Test User 457,testuser457@example.com
Test User 458,testuser458@example.com
Test User 459,testuser459@example.com
Test User 460,testuser460@example.com
Test User 461,testuser461@example.com
Test User 462,testuser462@example.com
Test User 463,testuser463@example.com
Test User 464,testuser464@example.com
Test User 465,testuser465@example.com
Test User 466,testuser466@example.com
Test User 467,testuser467@example.com
Test User 468,testuser468@example.com
Test User 469,testuser469@example.com
Test User 470,testuser470@example.com
Test User 471,testuser471@example.com
Test User 472,testuser472@example.com
Test User 473,testuser473@example.com
Test User 474,testuser474@example.com
Test User 475,testuser475@example.com
Test User 476,testuser476@example.com
Test User 477,testuser477@example.com
Test User 478,testuser478@example.com
Test User 479,testuser479@example.com
Test User 480,testuser480@example.com
Test User 481,testuser481@example.com
Test User 482,testuser482@example.com
Test User 483,testuser483@example.com
Test User 484,testuser484@example.com
Test User 485,testuser485@example.com
Test User 486,testuser486@example.com
Test User 487,testuser487@example.com
Test User 488,testuser488@example.com
Test User 489,testuser489@example.com
Test User 490,testuser490@example.com
Test User 491,testuser491@example.com
Test User 492,testuser492@example.com
Test User 493,testuser493@example.com
Test User 494,testuser494@example.com
Test User 495,testuser495@example.com
Test User 496,testuser496@example.com
Test User 497,testuser497@example.com
Test User 498,testuser498@example.com
Test User 499,testuser499@example.com
Test User 500,testuser500@example.com
Test User 501,testuser501@example.com
Test User 502,testuser502@example.com
Test User 503,testuser503@example.com
Test User 504,testuser504@example.com
Test User 505,testuser505@example.com
Test User 506,testuser506@example.com
Test User 507,testuser507@example.com
Test User 508,testuser508@example.com
Test User 509,testuser509@example.com
Test User 510,testuser510@example.com
Test User 511,testuser511@example.com
Test User 512,testuser512@example.com
Test User 513,testuser513@example.com
Test User 514,testuser514@example.com
Test User 515,testuser515@example.com
Test User 516,testuser516@example.com
Test User 517,testuser517@example.com
Test User 518,testuser518@example.com
Test User 519,testuser519@example.com
Test User 520,testuser520@example.com
Test User 521,testuser521@example.com
Test User 522,testuser522@example.com
Test User 523,testuser523@example.com
Test User 524,testuser524@example.com
Test User 525,testuser525@example.com
Test User 526,testuser526@example.com
Test User 527,testuser527@example.com
Test User 528,testuser528@example.com
Test User 529,testuser529@example.com
Test User 530,testuser530@example.com
Test User 531,testuser531@example.com
Test User 532,testuser532@example.com
Test User 533,testuser533@example.com
Test User 534,testuser534@example.com
Test User 535,testuser535@example.com
Test User 536,testuser536@example.com
Test User 537,testuser537@example.com
Test User 538,testuser538@example.com
Test User 539,testuser539@example.com
Test User 540,testuser540@example.com
Test User 541,testuser541@example.com
Test User 542,testuser542@example.com
Test User 543,testuser543@example.com
Test User 544,testuser544@example.com
Test User 545,testuser545@example.com
Test User 546,testuser546@example.com
Test User 547,testuser547@example.com
Test User 548,testuser548@example.com
Test User 549,testuser549@example.com
Test User 550,testuser550@example.com
Test User 551,testuser551@example.com
Test User 552,testuser552@example.com
Test User 553,testuser553@example.com
Test User 554,testuser554@example.com
Test User 555,testuser555@example.com
Test User 556,testuser556@example.com
Test User 557,testuser557@example.com
Test User 558,testuser558@example.com
Test User 559,testuser559@example.com
Test User 560,testuser560@example.com
Test User 561,testuser561@example.com
Test User 562,testuser562@example.com
Test User 563,testuser563@example.com
Test User 564,testuser564@example.com
Test User 565,testuser565@example.com
Test User 566,testuser566@example.com
Test User 567,testuser567@example.com
Test User 568,testuser568@example.com
Test User 569,testuser569@example.com
Test User 570,testuser570@example.com
Test User 571,testuser571@example.com
Test User 572,testuser572@example.com
Test User 573,testuser573@example.com
Test User 574,testuser574@example.com
Test User 575,testuser575@example.com
Test User 576,testuser576@example.com
Test User 577,testuser577@example.com
Test User 578,testuser578@example.com
Test User 579,testuser579@example.com
Test User 580,testuser580@example.com
Test User 581,testuser581@example.com
Test User 582,testuser582@example.com
Test User 583,testuser583@example.com
Test User 584,testuser584@example.com
Test User 585,testuser585@example.com
Test User 586,testuser586@example.com
Test User 587,testuser587@example.com
Test User 588,testuser588@example.com
Test User 589,testuser589@example.com
Test User 590,testuser590@example.com
Test User 591,testuser591@example.com
Test User 592,testuser592@example.com
Test User 593,testuser593@example.com
Test User 594,testuser594@example.com
Test User 595,testuser595@example.com
Test User 596,testuser596@example.com
Test User 597,testuser597@example.com
Test User 598,testuser598@example.com
Test User 599,testuser599@example.com
Test User 600,testuser600@example.com
Test User 601,testuser601@example.com
Test User 602,testuser602@example.com
Test User 603,testuser603@example.com
Test User 604,testuser604@example.com
Test User 605,testuser605@example.com
Test User 606,testuser606@example.com
Test User 607,testuser607@example.com
Test User 608,testuser608@example.com
Test User 609,testuser609@example.com
Test User 610,testuser610@example.com
Test User 611,testuser611@example.com
Test User 612,testuser612@example.com
Test User 613,testuser613@example.com
Test User 614,testuser614@example.com
Test User 615,testuser615@example.com
Test User 616,testuser616@example.com
Test User 617,testuser617@example.com
Test User 618,testuser618@example.com
Test User 619,testuser619@example.com
Test User 620,testuser620@example.com
Test User 621,testuser621@example.com
Test User 622,testuser622@example.com
Test User 623,testuser623@example.com
Test User 624,testuser624@example.com
Test User 625,testuser625@example.com
Test User 626,testuser626@example.com
Test User 627,testuser627@example.com
Test User 628,testuser628@example.com
Test User 629,testuser629@example.com
Test User 630,testuser630@example.com
Test User 631,testuser631@example.com
Test User 632,testuser632@example.com
Test User 633,testuser633@example.com
Test User 634,testuser634@example.com
Test User 635,testuser635@example.com
Test User 636,testuser636@example.com
Test User 637,testuser637@example.com
Test User 638,testuser638@example.com
Test User 639,testuser639@example.com
Test User 640,testuser640@example.com
Test User 641,testuser641@example.com
Test User 642,testuser642@example.com
Test User 643,testuser643@example.com
Test User 644,testuser644@example.com
Test User 645,testuser645@example.com
Test User 646,testuser646@example.com
Test User 647,testuser647@example.com
Test User 648,testuser648@example.com
Test User 649,testuser649@example.com
Test User 650,testuser650@example.com
Test User 651,testuser651@example.com
Test User 652,testuser652@example.com
Test User 653,testuser653@example.com
Test User 654,testuser654@example.com
Test User 655,testuser655@example.com
Test User 656,testuser656@example.com
Test User 657,testuser657@example.com
Test User 658,testuser658@example.com
Test User 659,testuser659@example.com
Test User 660,testuser660@example.com
Test User 661,testuser661@example.com
Test User 662,testuser662@example.com
Test User 663,testuser663@example.com
Test User 664,testuser664@example.com
Test User 665,testuser665@example.com
Test User 666,testuser666@example.com
Test User 667,testuser667@example.com
Test User 668,testuser668@example.com
Test User 669,testuser669@example.com
Test User 670,testuser670@example.com
Test User 671,testuser671@example.com
Test User 672,testuser672@example.com
Test User 673,testuser673@example.com
Test User 674,testuser674@example.com
Test User 675,testuser675@example.com
Test User 676,testuser676@example.com
Test User 677,testuser677@example.com
Test User 678,testuser678@example.com
Test User 679,testuser679@example.com
Test User 680,testuser680@example.com
Test User 681,testuser681@example.com
Test User 682,testuser682@example.com
Test User 683,testuser683@example.com
Test User 684,testuser684@example.com
Test User 685,testuser685@example.com
Test User 686,testuser686@example.com
Test User 687,testuser687@example.com
Test User 688,testuser688@example.com
Test User 689,testuser689@example.com
Test User 690,testuser690@example.com
Test User 691,testuser691@example.com
Test User 692,testuser692@example.com
Test User 693,testuser693@example.com
Test User 694,testuser694@example.com
Test User 695,testuser695@example.com
Test User 696,testuser696@example.com
Test User 697,testuser697@example.com
Test User 698,testuser698@example.com
Test User 699,testuser699@example.com
Test User 700,testuser700@example.com
Test User 701,testuser701@example.com
Test User 702,testuser702@example.com
Test User 703,testuser703@example.com
Test User 704,testuser704@example.com
Test User 705,testuser705@example.com
Test User 706,testuser706@example.com
Test User 707,testuser707@example.com
Test User 708,testuser708@example.com
Test User 709,testuser709@example.com
Test User 710,testuser710@example.com
Test User 711,testuser711@example.com
Test User 712,testuser712@example.com
Test User 713,testuser713@example.com
Test User 714,testuser714@example.com
Test User 715,testuser715@example.com
Test User 716,testuser716@example.com
Test User 717,testuser717@example.com
Test User 718,testuser718@example.com
Test User 719,testuser719@example.com
Test User 720,testuser720@example.com
Test User 721,testuser721@example.com
Test User 722,testuser722@example.com
Test User 723,testuser723@example.com
Test User 724,testuser724@example.com
Test User 725,testuser725@example.com
Test User 726,testuser726@example.com
Test User 727,testuser727@example.com
Test User 728,testuser728@example.com
Test User 729,testuser729@example.com
Test User 730,testuser730@example.com
Test User 731,testuser731@example.com
Test User 732,testuser732@example.com
Test User 733,testuser733@example.com
Test User 734,testuser734@example.com
Test User 735,testuser735@example.com
Test User 736,testuser736@example.com
Test User 737,testuser737@example.com
Test User 738,testuser738@example.com
Test User 739,testuser739@example.com
Test User 740,testuser740@example.com
Test User 741,testuser741@example.com
Test User 742,testuser742@example.com
Test User 743,testuser743@example.com
Test User 744,testuser744@example.com
Test User 745,testuser745@example.com
Test User 746,testuser746@example.com
Test User 747,testuser747@example.com
Test User 748,testuser748@example.com
Test User 749,testuser749@example.com
Test User 750,testuser750@example.com
Test User 751,testuser751@example.com
Test User 752,testuser752@example.com
Test User 753,testuser753@example.com
Test User 754,testuser754@example.com
Test User 755,testuser755@example.com
Test User 756,testuser756@example.com
Test User 757,testuser757@example.com
Test User 758,testuser758@example.com
Test User 759,testuser759@example.com
Test User 760,testuser760@example.com
Test User 761,testuser761@example.com
Test User 762,testuser762@example.com
Test User 763,testuser763@example.com
Test User 764,testuser764@example.com
Test User 765,testuser765@example.com
Test User 766,testuser766@example.com
Test User 767,testuser767@example.com
Test User 768,testuser768@example.com
Test User 769,testuser769@example.com
Test User 770,testuser770@example.com
Test User 771,testuser771@example.com
Test User 772,testuser772@example.com
Test User 773,testuser773@example.com
Test User 774,testuser774@example.com
Test User 775,testuser775@example.com
Test User 776,testuser776@example.com
Test User 777,testuser777@example.com
Test User 778,testuser778@example.com
Test User 779,testuser779@example.com
Test User 780,testuser780@example.com
Test User 781,testuser781@example.com
Test User 782,testuser782@example.com
Test User 783,testuser783@example.com
Test User 784,testuser784@example.com
Test User 785,testuser785@example.com
Test User 786,testuser786@example.com
Test User 787,testuser787@example.com
Test User 788,testuser788@example.com
Test User 789,testuser789@example.com
Test User 790,testuser790@example.com
Test User 791,testuser791@example.com
Test User 792,testuser792@example.com
Test User 793,testuser793@example.com
Test User 794,testuser794@example.com
Test User 795,testuser795@example.com
Test User 796,testuser796@example.com
Test User 797,testuser797@example.com
Test User 798,testuser798@example.com
Test User 799,testuser799@example.com
Test User 800,testuser800@example.com
Test User 801,testuser801@example.com
Test User 802,testuser802@example.com
Test User 803,testuser803@example.com
Test User 804,testuser804@example.com
Test User 805,testuser805@example.com
Test User 806,testuser806@example.com
Test User 807,testuser807@example.com
Test User 808,testuser808@example.com
Test User 809,testuser809@example.com
Test User 810,testuser810@example.com
Test User 811,testuser811@example.com
Test User 812,testuser812@example.com
Test User 813,testuser813@example.com
Test User 814,testuser814@example.com
Test User 815,testuser815@example.com
Test User 816,testuser816@example.com
Test User 817,testuser817@example.com
Test User 818,testuser818@example.com
Test User 819,testuser819@example.com
Test User 820,testuser820@example.com
Test User 821,testuser821@example.com
Test User 822,testuser822@example.com
Test User 823,testuser823@example.com
Test User 824,testuser824@example.com
Test User 825,testuser825@example.com
Test User 826,testuser826@example.com
Test User 827,testuser827@example.com
Test User 828,testuser828@example.com
Test User 829,testuser829@example.com
Test User 830,testuser830@example.com
Test User 831,testuser831@example.com
Test User 832,testuser832@example.com
Test User 833,testuser833@example.com
Test User 834,testuser834@example.com
Test User 835,testuser835@example.com
Test User 836,testuser836@example.com
Test User 837,testuser837@example.com
Test User 838,testuser838@example.com
Test User 839,testuser839@example.com
Test User 840,testuser840@example.com
Test User 841,testuser841@example.com
Test User 842,testuser842@example.com
Test User 843,testuser843@example.com
Test User 844,testuser844@example.com
Test User 845,testuser845@example.com
Test User 846,testuser846@example.com
Test User 847,testuser847@example.com
Test User 848,testuser848@example.com
Test User 849,testuser849@example.com
Test User 850,testuser850@example.com
Test User 851,testuser851@example.com
Test User 852,testuser852@example.com
Test User 853,testuser853@example.com
Test User 854,testuser854@example.com
Test User 855,testuser855@example.com
Test User 856,testuser856@example.com
Test User 857,testuser857@example.com
Test User 858,testuser858@example.com
Test User 859,testuser859@example.com
Test User 860,testuser860@example.com
Test User 861,testuser861@example.com
Test User 862,testuser862@example.com
Test User 863,testuser863@example.com
Test User 864,testuser864@example.com
Test User 865,testuser865@example.com
Test User 866,testuser866@example.com
Test User 867,testuser867@example.com
Test User 868,testuser868@example.com
Test User 869,testuser869@example.com
Test User 870,testuser870@example.com
Test User 871,testuser871@example.com
Test User 872,testuser872@example.com
Test User 873,testuser873@example.com
Test User 874,testuser874@example.com
Test User 875,testuser875@example.com
Test User 876,testuser876@example.com
Test User 877,testuser877@example.com
Test User 878,testuser878@example.com
Test User 879,testuser879@example.com
Test User 880,testuser880@example.com
Test User 881,testuser881@example.com
Test User 882,testuser882@example.com
Test User 883,testuser883@example.com
Test User 884,testuser884@example.com
Test User 885,testuser885@example.com
Test User 886,testuser886@example.com
Test User 887,testuser887@example.com
Test User 888,testuser888@example.com
Test User 889,testuser889@example.com
Test User 890,testuser890@example.com
Test User 891,testuser891@example.com
Test User 892,testuser892@example.com
Test User 893,testuser893@example.com
Test User 894,testuser894@example.com
Test User 895,testuser895@example.com
Test User 896,testuser896@example.com
Test User 897,testuser897@example.com
Test User 898,testuser898@example.com
Test User 899,testuser899@example.com
Test User 900,testuser900@example.com
Test User 901,testuser901@example.com
Test User 902,testuser902@example.com
Test User 903,testuser903@example.com
Test User 904,testuser904@example.com
Test User 905,testuser905@example.com
Test User 906,testuser906@example.com
Test User 907,testuser907@example.com
Test User 908,testuser908@example.com
Test User 909,testuser909@example.com
Test User 910,testuser910@example.com
Test User 911,testuser911@example.com
Test User 912,testuser912@example.com
Test User 913,testuser913@example.com
Test User 914,testuser914@example.com
Test User 915,testuser915@example.com
Test User 916,testuser916@example.com
Test User 917,testuser917@example.com
Test User 918,testuser918@example.com
Test User 919,testuser919@example.com
Test User 920,testuser920@example.com
Test User 921,testuser921@example.com
Test User 922,testuser922@example.com
Test User 923,testuser923@example.com
Test User 924,testuser924@example.com
Test User 925,testuser925@example.com
Test User 926,testuser926@example.com
Test User 927,testuser927@example.com
Test User 928,testuser928@example.com
Test User 929,testuser929@example.com
Test User 930,testuser930@example.com
Test User 931,testuser931@example.com
Test User 932,testuser932@example.com
Test User 933,testuser933@example.com
Test User 934,testuser934@example.com
Test User 935,testuser935@example.com
Test User 936,testuser936@example.com
Test User 937,testuser937@example.com
Test User 938,testuser938@example.com
Test User 939,testuser939@example.com
Test User 940,testuser940@example.com
Test User 941,testuser941@example.com
Test User 942,testuser942@example.com
Test User 943,testuser943@example.com
Test User 944,testuser944@example.com
Test User 945,testuser945@example.com
Test User 946,testuser946@example.com
Test User 947,testuser947@example.com
Test User 948,testuser948@example.com
Test User 949,testuser949@example.com
Test User 950,testuser950@example.com
Test User 951,testuser951@example.com
Test User 952,testuser952@example.com
Test User 953,testuser953@example.com
Test User 954,testuser954@example.com
Test User 955,testuser955@example.com
Test User 956,testuser956@example.com
Test User 957,testuser957@example.com
Test User 958,testuser958@example.com
Test User 959,testuser959@example.com
Test User 960,testuser960@example.com
Test User 961,testuser961@example.com
Test User 962,testuser962@example.com
Test User 963,testuser963@example.com
Test User 964,testuser964@example.com
Test User 965,testuser965@example.com
Test User 966,testuser966@example.com
Test User 967,testuser967@example.com
Test User 968,testuser968@example.com
Test User 969,testuser969@example.com
Test User 970,testuser970@example.com
Test User 971,testuser971@example.com
Test User 972,testuser972@example.com
Test User 973,testuser973@example.com
Test User 974,testuser974@example.com
Test User 975,testuser975@example.com
Test User 976,testuser976@example.com
Test User 977,testuser977@example.com
Test User 978,testuser978@example.com
Test User 979,testuser979@example.com
Test User 980,testuser980@example.com
Test User 981,testuser981@example.com
Test User 982,testuser982@example.com
Test User 983,testuser983@example.com
Test User 984,testuser984@example.com
Test User 985,testuser985@example.com
Test User 986,testuser986@example.com
Test User 987,testuser987@example.com
Test User 988,testuser988@example.com
Test User 989,testuser989@example.com
Test User 990,testuser990@example.com
Test User 991,testuser991@example.com
Test User 992,testuser992@example.com
Test User 993,testuser993@example.com
Test User 994,testuser994@example.com
Test User 995,testuser995@example.com
Test User 996,testuser996@example.com
Test User 997,testuser997@example.com
Test User 998,testuser998@example.com
Test User 999,testuser999@example.com
Test User 1000,testuser1000@example.com
